CDR3,clone_size,rank,pre_treat_size,Antigen
CASTPGDVVPGEQFF,0.00645161290322581,9.9999999999989e-05,0.00391717963066592,GLCTLVAML
CSARDYGTGPNSPLHF,0.000586510263929619,0.00139999999999996,NA,GLCTLVAML
CSARDRVGNTIYF,0.00410557184750733,0.00170000000000003,NA,GLCTLVAML
CSARDGGGGGYTF,0.0727272727272727,0.00270000000000004,0.0755456071628428,GLCTLVAML
CSARAGATGNTEAFF,0.00117302052785924,0.00429999999999997,0.00167879127028539,GLCTLVAML
CASSLSRLEQFF,0.000586510263929619,0.00480000000000003,0.00111919418019026,GLCTLVAML
CSARSHGGYGYTF,0.00117302052785924,0.00629999999999997,NA,GLCTLVAML
CSARGWARDGQYF,0.000586510263929619,0.00919999999999999,NA,GLCTLVAML
CASSLDWGAEQYF,0.00703812316715543,0.0108,0.00615556799104645,GLCTLVAML
CASSEKRGTSGILIANEQFF,0.00117302052785924,0.0153,0.00111919418019026,GLCTLVAML
CASSPGQLSSGNTIYF,0.000586510263929619,0.0155999999999999,0.00167879127028539,GLCTLVAML
CASSLAQGPSYEQYF,0.000586510263929619,0.0172,NA,GLCTLVAML
CASTREGTGYYEQYF,0.00234604105571848,0.026,0.00111919418019026,GLCTLVAML
CASSSFPSGYEQYF,0.000586510263929619,0.029,NA,GLCTLVAML
CASSIAANSPLHF,0.000586510263929619,0.036,0.000559597090095132,GLCTLVAML
CAVRDVVDDMRF,0.000586510263929619,0.049,NA,GLCTLVAML
CASSFHQGPSYEQYF,0.000586510263929619,0.05,NA,GLCTLVAML
CASSSQYEQYF,0.000586510263929619,0.05,NA,GLCTLVAML
CASSAGTVSSYNSPLHF,0.00117302052785924,0.051,0.00111919418019026,GLCTLVAML
CASSQLGTPEKLFF,0.000586510263929619,0.0570000000000001,NA,GLCTLVAML
CSARSTGTFDVDTQYF,0.000586510263929619,0.0570000000000001,NA,GLCTLVAML
CASSQDPWGGYRAKNIQYF,0.00293255131964809,0.0580000000000001,0.00111919418019026,GLCTLVAML
CASSLVGAALLTEQFF,0.000586510263929619,0.0639999999999999,NA,GLCTLVAML
CASGLGIGELFF,0.000586510263929619,0.0649999999999999,NA,GLCTLVAML
CASSFGGYEQFF,0.000586510263929619,0.0649999999999999,0.00111919418019026,GLCTLVAML
CASSLRTSGREKETQYF,0.000586510263929619,0.0679999999999999,NA,GLCTLVAML
CASSLGWGESGNTIYF,0.00351906158357771,0.07,0.00223838836038053,GLCTLVAML
CASFSASYEQYF,0.000586510263929619,0.072,NA,GLCTLVAML
CASSSGPNYEQYF,0.000586510263929619,0.073,0.00111919418019026,GLCTLVAML
CASSYHSGRSYTF,0.00234604105571848,0.075,0.000559597090095132,GLCTLVAML
CSARPPSGGARNSPLHF,0.000586510263929619,0.078,NA,GLCTLVAML
CAASKAQGAQKLVF,0.00117302052785924,0.082,NA,GLCTLVAML
CSARPGFGVGEQYF,0.00351906158357771,0.087,NA,GLCTLVAML
CASSLEVAAGRTDTQYF,0.000586510263929619,0.089,NA,GLCTLVAML
CASSPIAGGRVGELFF,0.00351906158357771,0.089,0.00223838836038053,GLCTLVAML
CAWMWVGYGYTF,0.012316715542522,0.091,0.00839395635142697,GLCTLVAML
CASSERGPEAQYF,0.000586510263929619,0.095,0.00391717963066592,GLCTLVAML
CASSLGITEAFF,0.000586510263929619,0.095,0.00111919418019026,GLCTLVAML
CSAPGQGVGEQFF,0.00234604105571848,0.099,0.00111919418019026,GLCTLVAML
