Amino.Acid,X3.G0,X3_T1,rank
CASSFRVFNQPQHF,0.07936103717327,0.000782354,0.102
CASSPGTLSQETQYF,0.0085711058267507,0.00565314,0.148
CASNLSGFGNQPQHF,0.000256279084520842,0.033868363,0.193
CASSRRSWTEGDGYTF,0.0031038220236405,0.000290228,0.131
CASKVLMNTEAFF,2.847540939119e-05,0.042499495,0.294
CASTSPAGGAQYF,2.847540939119e-05,0.041893802,0.241
CSASGQGGFYGYTF,0.00156614851651578,0.017994145,0.055
CAVGQGDGEQYF,0.00387265927720303,0.000933778,0.00590000000000002
CASRTRNWGAGEAFF,0.0134688804420368,1.26186e-05,0.112
CASSLGLMNTEAFF,0.000170853056347338,0.010801534,0.274
CASSEGGHAYEQYF,2.847540939119e-05,0.024353927,0.839
CASSSDEKLFF,5.6950918782413e-05,0.016896325,0.201
CSVVGQGLGAYEQYF,0.0101942053620489,0.000492126,0.023
CASSVTGTGGYGYTF,0.012899372254213,5.04745e-05,0.053
CSVEDLFYGYTF,0.0002847540939119,7.57117e-05,0.082
CASSFITSRIDEQFF,2.847540939119e-05,0.013691197,0.219
CASRSNREDGYTF,0.00720428537597332,2.52372e-05,0.582
CASSFVEGTEAFF,5.6950918782413e-05,0.015369473,0.196
CAWSVLTQETQYF,5.6950918782413e-05,0.013350495,0.22
CASSGANSPLHF,0.00763141651684117,1.26186e-05,0.108
CASSLLPGQAAEQYF,0.00165157554468961,0.001375429,0.00419999999999998
CASSTGTGIYEQYF,5.6950918782413e-05,0.012088633,0.538
CAIQREEGIYEQYF,5.6950918782413e-05,0.012732183,0.276
CASSQNGRGDQPQHF,0.00130987043199527,0.007003331,0.45
CASRPLGFGYGYTF,2.847540939119e-05,0.007482839,0.589
CSARGPASGRDEQFF,0.000199328065738396,0.011066525,0.129
CASSMGQKNQPQHF,0.000256279084520842,0.000189279,0.447
CASSLRGADYEQYF,0.00666325219754057,1.26186e-05,0.205
CASSAGLGNQPQHF,0.000113902037564892,0.003962245,0.376
CASTTPVTGGREPQHF,0.00128139442260388,0.001589945,0.213
CASSFNLGLGGEQYF,5.6950918782413e-05,0.009817282,0.0179
CASSELSTVSYEQYF,0.00327467507998784,0.001022108,0.324
CASSRTSGTYTDTQYF,0.00378723324902953,8.83303e-05,0.11
CRVDQEGGYTF,0.000968164319300592,0.00082021,0.279
CASSPQRDRTDTQYF,0.00145224747895122,0.001160913,0.381
CASSQDVQTTDTQYF,2.847540939119e-05,0.007280941,0.078
CASADSYSYEQYF,0.00153767350712472,0.000429033,0.054
CASATLNQPQHF,5.6950918782413e-05,0.007205229,0.274
CASSPQGAGGAVSYGYTF,5.6950918782413e-05,0.006599536,0.154
CASKREDGIYEQYF,0.000170853056347338,0.005388149,0.467
CASALDYNEQFF,0.0025343138358167,1.26186e-05,0.342
CAVRVAETQYF,0.000768836253562196,0.000466889,0.052
CASSEWGEANTGELFF,5.6950918782413e-05,0.006120028,0.233
CSVDMGHLNTEAFF,0.000768836253562196,0.000227135,0.444
CASSQAWGDEKLFF,5.6950918782413e-05,1.26186e-05,0.476
CASRLARTGCRQPQHF,2.847540939119e-05,0.006006461,0.054
CASSLAPGATNEKLFF,0.0027336419015551,6.30931e-05,0.00209999999999999
CASTSEAGSSYNSPLHF,0.000768836253562196,0.002082071,0.02
CASSSQGQSTDTQYF,2.847540939119e-05,2.52372e-05,0.592
CASSESGQFYEQYF,2.847540939119e-05,0.004037957,0.098
CASSKRTGWPGNTIYF,5.6950918782413e-05,0.000416414,0.573
CAWRGKGWTEAFF,0.00179395259164556,0.000706642,0.161
CAISEQGNIQYF,2.847540939119e-05,3.78558e-05,0.088
CASSIDRNTEAFF,2.847540939119e-05,1.26186e-05,0.598
CASSLTSGTYQETQYF,0.00187937861981907,1.26186e-05,0.454
CASSQGLTNTEAFF,0.00014237704695595,0.002561579,0.801
CASSSAGTGSSTSVYEQYF,5.6950918782413e-05,0.001753987,0.0639999999999999
CASSLDLGSPLHF,0.00170852656347206,0.000113568,0.102
CASGYNTGELFF,0.00219260872312236,6.30931e-05,0.0161
CASSIRSSYEQYF,0.000370181122085734,0.000176661,0.00680000000000003
CASRDILTGELFF,2.847540939119e-05,0.003684636,0.024
CASSPRRSGNTIYF,2.847540939119e-05,3.78558e-05,0.364
CASSPGTEAFF,2.847540939119e-05,0.000164042,0.116
CAISGEAFNYGYTF,2.847540939119e-05,0.00373511,0.0580000000000001
CASSRQGENEKLFF,2.847540939119e-05,0.00164042,0.266
CASAWILAYNEQFF,2.847540939119e-05,0.000744498,0.051
CASSQTAGANVLTF,0.00148072248834228,1.26186e-05,0.102
CASRDRLGEKLFF,0.000597984197215188,0.000694024,0.1
CSARDSGVGQPQHF,2.847540939119e-05,0.000580456,0.022
CSASRPEGETGELFF,0.000768836253562196,0.000555219,0.023
CASSYSTQGYNEQFF,0.000911214300518476,0.000340703,0.024
CSASLAGSPLQFF,0.00014237704695595,8.83303e-05,0.106
CASSFSSGTTDTQYF,0.00071188623478008,7.57117e-05,0.088
CASSRGLSGNQPQHF,5.6950918782413e-05,0.000113568,0.107
CASSQDGWPQHF,0.00190785462921046,0.000164042,0.815
CASSLGQGNYGYTF,5.6950918782413e-05,0.001842318,0.446
CASSSGPATEAFF,0.0002847540939119,0.001287099,0.142
CASSNREYYGYTF,2.847540939119e-05,1.26186e-05,0.395
CASSIRAEDTGELFF,0.00182242760103662,1.26186e-05,0.039
CASSLGVGRYSNQPQHF,0.000455607150259238,0.000946396,0.587
CASSSLDVHEKLFF,2.847540939119e-05,2.52372e-05,0.07
CASSTGRTEAFF,0.000170853056347338,0.000189279,0.085
CASSADGMNTEAFF,0.000683410225388692,0.000328084,0.031
CAWSPTGNNYGYTF,0.000683410225388692,0.000164042,0.093
CASSLGDRAYNEQFF,0.000256279084520842,0.000214516,0.2
CASSLRTVDNSPLHF,0.000341705112694346,7.57117e-05,0.505
CASSFYSRGDGYTF,8.5426328173603e-05,0.000126186,0.179
CASSEGTANQPQHF,0.000484082159650296,0.000252372,0.479
CASSLFDVGLGELFF,2.847540939119e-05,0.001905411,0.0649999999999999
CASSRGGNQPQHF,0.000626459206606246,1.26186e-05,0.099
CASSLEGATDTQYF,2.847540939119e-05,0.00209469,0.277
CASSLGGYEQYF,0.00071188623478008,0.000126186,0.052
CASSLDRSFYGYTF,0.000170853056347338,0.000378558,0.141
CASSLTGGNTEAFF,2.847540939119e-05,0.002044216,0.349
CAWSVGSGGELFF,0.000313230103303288,0.000227135,0.0115
CASRDLASTGELFF,0.0002847540939119,0.000189279,0.538
CASSLAVMGTGGELGGYTF,2.847540939119e-05,0.001501615,0.09
CASSGDFTEAFF,2.847540939119e-05,0.000113568,0.459
CAGEGASEKLFF,0.000370181122085734,8.83303e-05,0.103
CASSITVSYEQYF,0.000113902037564892,2.52372e-05,0.00280000000000002
CASSQWTESSHEQYF,2.847540939119e-05,0.001160913,0.147
CAWSLGAASYEQYF,0.000313230103303288,8.83303e-05,0.385
CASRTEVNTEAFF,5.6950918782413e-05,2.52372e-05,0.1
CASSPGPGLNYGYTF,5.6950918782413e-05,0.001249243,0.464
CASSLNGEVGYGYTF,5.6950918782413e-05,0.000933778,0.764
CASSTGTASRSYNSPLHF,0.00014237704695595,0.001059964,0.662
CSASSGASGYGYTF,0.00099664032869198,3.78558e-05,0.481
CSARRYGPNSPLHF,2.847540939119e-05,0.001135675,0.055
CASSPTGLEGYTF,0.000968164319300592,0.000113568,0.139
CASSQGLAPYQETQYF,8.5426328173603e-05,0.001413285,0.404
CASSVDRTGNQPQHF,0.000968164319300592,3.78558e-05,0.307
CSAREPAGSNQPQHF,0.000256279084520842,0.000100949,0.422
CATLGEGGLAGGPTQYF,2.847540939119e-05,0.000832829,0.099
CASSSAHYGYTF,0.000256279084520842,0.000416414,0.00139999999999996
CASSPTGAGYQPQHF,0.000113902037564892,1.26186e-05,0.196
CASSLGDRGAEAFF,8.5426328173603e-05,0.000151423,0.455
CASSYRVGEKLFF,0.000170853056347338,5.04745e-05,0.00890000000000002
CSARDSGTDTQYF,2.847540939119e-05,0.000984252,0.128
CASSNQPSGGQTQYF,5.6950918782413e-05,0.000328084,0.212
CASSQEVGSDTQYF,2.847540939119e-05,0.000138805,0.039
CASSPFRASLDGELFF,2.847540939119e-05,1.26186e-05,0.525
CASSRLLGTASYNEKLFF,5.6950918782413e-05,0.001224006,0.11
CASSLGRFDDEQYF,0.000199328065738396,3.78558e-05,0.211
CASSVKSRSYNEQFF,5.6950918782413e-05,2.52372e-05,0.1
CASAPGPGSYNEQFF,5.6950918782413e-05,0.000100949,0.123
CASTTSGTGREQYF,0.000170853056347338,2.52372e-05,0.612
CASSWDPNTEAFF,8.5426328173603e-05,0.000164042,0.599
CASSDLGGQNSPLHF,2.847540939119e-05,0.000302847,0.217
CASSLMGGGAGKQYF,0.000541033178432742,1.26186e-05,0.00700000000000001
CASSQMGTGHFYGYTF,0.000797312262953584,2.52372e-05,0.241
CASRDSGANVLTF,5.6950918782413e-05,2.52372e-05,0.52
CASGGWGTDEQFF,0.000170853056347338,3.78558e-05,0.722
CASSPDRGNSPLHF,0.000170853056347338,0.000391177,0.138
CSAREAASSYEQYF,5.6950918782413e-05,1.26186e-05,0.444
CASREQGWSEAFF,2.847540939119e-05,1.26186e-05,0.799
CASSQGGTSGTTGELFF,2.847540939119e-05,1.26186e-05,0.241
CASSLFRGPYEQYF,0.000341705112694346,0.000239754,0.642
CASSQAGNGQRNYGYTF,0.000313230103303288,0.000126186,0.985
CASRLQGMETQYF,8.5426328173603e-05,1.26186e-05,0.00460000000000005
CAWSLADNQPQHF,2.847540939119e-05,0.000643549,0.198
CASSSSTTGLKQFF,0.00014237704695595,0.000113568,0.378
CASSLEGVSTIYF,2.847540939119e-05,0.000138805,0.487
CASSPDGRGNSPLHF,0.000113902037564892,0.000138805,0.514
CSAETGLSNQPQHF,2.847540939119e-05,0.00073188,0.578
CASSLRRGRGYTF,0.000398656131476792,2.52372e-05,0.672
CASSLLYGYTF,2.847540939119e-05,0.000517363,0.166
CASRDRLSTEAFF,2.847540939119e-05,0.000845447,0.144
CATSRQGFYGYTF,0.000512558169041684,1.26186e-05,0.087
CSARAVGPNEQFF,0.000170853056347338,3.78558e-05,0.229
CASGPYSGGGTDTQYF,0.000398656131476792,3.78558e-05,0.0141
CASSQENGGHYEQYF,0.000199328065738396,5.04745e-05,0.171
CASAGGGTDTQYF,2.847540939119e-05,0.000479507,0.195
CASSEANGFEPQHF,0.000313230103303288,0.000164042,0.23
CATSDLRAGVRFF,0.00014237704695595,8.83303e-05,0.154
CASSLVGSEQFF,0.000370181122085734,0.000201898,0.04
CASSHPGPAEGYTF,0.000199328065738396,8.83303e-05,0.336
CSATGWGEAATGELFF,0.000170853056347338,3.78558e-05,0.157
CATSRDLASSDEQYF,0.000113902037564892,5.04745e-05,0.036
CASSSPAVPNYGYTF,2.847540939119e-05,0.00073188,0.646
CSASGTSGRLYEQFF,5.6950918782413e-05,0.000694024,0.381
CAWSGEDNEQFF,0.00014237704695595,0.000252372,0.256
CASSIVAGGYEQYF,5.6950918782413e-05,0.000290228,0.514
CASGFERLNEQFF,5.6950918782413e-05,6.30931e-05,0.549
CAVGSSGGLNEQFF,0.000541033178432742,0.000151423,0.095
CAIFNPFSGRPYEQYF,0.000170853056347338,0.000214516,0.00880000000000003
CASSLGSSGSSETQYF,0.000170853056347338,0.000100949,0.156
CASSAGSGQPYNEQFF,2.847540939119e-05,2.52372e-05,0.652
CASSKDRGGGYTF,8.5426328173603e-05,0.000113568,0.0679999999999999
CASSFGLQETQYF,2.847540939119e-05,0.000630931,0.069
CSARDEMGTEAFF,5.6950918782413e-05,1.26186e-05,0.00360000000000005
CASSRRTSGPTDTQYF,2.847540939119e-05,3.78558e-05,0.574
CASSQDSFSLYGYTF,5.6950918782413e-05,5.04745e-05,0.458
CSAAGQGLSEQFF,8.5426328173603e-05,1.26186e-05,0.029
CSARGRADEQYF,0.00014237704695595,1.26186e-05,0.098
CATSGPPGLASSTDTQYF,2.847540939119e-05,6.30931e-05,0.00439999999999996
CASSDTVGYEQYF,0.000170853056347338,3.78558e-05,0.149
CAWNFGRAGEQYF,0.000113902037564892,2.52372e-05,0.184
CASSSPLTGRYEQYF,2.847540939119e-05,0.000201898,0.26
CASSLGNTEAFF,0.000227803075129454,1.26186e-05,0.099
CASSQAGTGYEQYF,0.000170853056347338,2.52372e-05,0.281
CASSFEGTDTQYF,2.847540939119e-05,0.000151423,0.262
CASSQDEYEQYF,5.6950918782413e-05,2.52372e-05,0.11
CASSQTGTYEQYF,2.847540939119e-05,0.000668787,0.227
CASSPGQGELPEAFF,0.000484082159650296,2.52372e-05,0.034
CAWSPVAGHLEAFF,2.847540939119e-05,2.52372e-05,0.089
CATAPGHRMGGYTF,0.000398656131476792,1.26186e-05,0.00660000000000005
CASLPPAANVLTF,5.6950918782413e-05,0.000264991,0.669
CASTPVEGLDEQYF,5.6950918782413e-05,6.30931e-05,0.151
CASSVGDSEQYF,8.5426328173603e-05,3.78558e-05,0.307
CASSLNRGPSYEQYF,2.847540939119e-05,1.26186e-05,0.312
CSAPEGRTSRSRDTQYF,8.5426328173603e-05,0.000113568,0.159
CASAGLLNARTEAFF,5.6950918782413e-05,6.30931e-05,0
CASSLAAGTGSEQYF,0.00014237704695595,5.04745e-05,0.079
CASRGLLGRNQPQHF,0.000227803075129454,2.52372e-05,0.131
CATLYQVQAFF,0.00014237704695595,0.000151423,0.0129
CASIPRVDGANVLTF,0.000455607150259238,1.26186e-05,0.328
CASSSQGGNIQYF,0.00014237704695595,7.57117e-05,0.0570000000000001
CASSFQGRTEAFF,2.847540939119e-05,0.000100949,0.028
CARRGTSYNEQFF,5.6950918782413e-05,1.26186e-05,0.082
CASSLGQGTVSGANVLTF,2.847540939119e-05,8.83303e-05,0.807
CSARDLGSYNSPLHF,0.00014237704695595,1.26186e-05,0.14
CSASNTATYEQYF,8.5426328173603e-05,2.52372e-05,0.328
CATSDGASGRRYF,8.5426328173603e-05,3.78558e-05,0.106
CASSPGGTSVNIQYF,8.5426328173603e-05,7.57117e-05,0.075
CASRDLLGRGSATNEKLFF,2.847540939119e-05,1.26186e-05,0.456
CASSREGPSYEQYF,2.847540939119e-05,0.000504745,0.255
CASSVSQGRNQPQHF,0.00014237704695595,0.000126186,0.323
CASSSRILRTGGVLGYTF,8.5426328173603e-05,0.000138805,0.645
CSVEEGATEAFF,2.847540939119e-05,5.04745e-05,0.398
CASSQRAGTEISPLHF,2.847540939119e-05,1.26186e-05,0.461
CASSQDPGASYNEQFF,0.000484082159650296,1.26186e-05,0.1
CASSFTLTGTAIEAFF,0.000113902037564892,7.57117e-05,0.202
CASSRTGSYEQYF,2.847540939119e-05,8.83303e-05,0.045
CASTWVQIPWANVLTF,0.000199328065738396,6.30931e-05,0.134
CASSEEGETQYF,2.847540939119e-05,2.52372e-05,0.028
CASSYSRLRGGEIGNQPQHF,2.847540939119e-05,0.000290228,0.145
CASTRTDMNTEAFF,2.847540939119e-05,0.000151423,0.0679999999999999
CAIGTENSPLHF,0.000113902037564892,6.30931e-05,0.112
CASTPNYQSSYEQYF,2.847540939119e-05,1.26186e-05,0.171
CASSLGMRKILSYNEQFF,2.847540939119e-05,0.000492126,0.824
CASSFGGAGDTQYF,0.000370181122085734,1.26186e-05,0.385
CASSQYAGTNEKLFF,2.847540939119e-05,0.000328084,0.482
CASSRLQGSYGYTF,5.6950918782413e-05,1.26186e-05,0.601
CSARSVEGTQETQYF,2.847540939119e-05,1.26186e-05,0.316
CASSPGLAGGPSTDTQYF,0.000370181122085734,1.26186e-05,0.265
CASSPGTSNTGELFF,2.847540939119e-05,8.83303e-05,0.048
CASSDIQTYSGANVLTF,5.6950918782413e-05,5.04745e-05,0.625
CASWDTPNQPQHF,0.000227803075129454,1.26186e-05,0.407
CASSVQGLAIETQYF,0.000341705112694346,1.26186e-05,0.461
CASSYSGTSSNQPQHF,5.6950918782413e-05,2.52372e-05,0.118
CASSLKGKEQYF,2.847540939119e-05,2.52372e-05,0.285
CASSLATRVLPYGYTF,2.847540939119e-05,1.26186e-05,0.221
CASSPGYTGELFF,8.5426328173603e-05,1.26186e-05,0.101
CASSNRVGIGAFF,0.000113902037564892,2.52372e-05,0.0144
CSARDLSSSGTVNNQPQHF,5.6950918782413e-05,3.78558e-05,0.541
CASSDGQGAYEQYF,2.847540939119e-05,5.04745e-05,0.754
CASTLGIAGGPDTQYF,0.00014237704695595,3.78558e-05,0.281
CSALSLRTSGATDTQYF,0.000113902037564892,3.78558e-05,0.171
CASSLYWGSSTDTQYF,2.847540939119e-05,0.000391177,0.549
CASSYLGQANEKLFF,2.847540939119e-05,2.52372e-05,0.418
CASSDAPTVTNYGYTF,0.0002847540939119,1.26186e-05,0.127
CASSLLTPGNSPLHF,8.5426328173603e-05,1.26186e-05,0.404
CASSPLPGYEQYF,0.00014237704695595,3.78558e-05,0.014
CSALPPPLSDGYTF,5.6950918782413e-05,0.000164042,0.341
CASSGVPGTPGIYEQYF,2.847540939119e-05,0.00045427,0.176
CASSQVSGVGYTF,5.6950918782413e-05,2.52372e-05,0.145
CASSQGDSANQPQHF,0.000199328065738396,6.30931e-05,0.302
CASSESGNYEQYF,0.000170853056347338,8.83303e-05,0.12
CASSTDGDTEAFF,2.847540939119e-05,2.52372e-05,0.682
CSATGGVGYEQYF,2.847540939119e-05,5.04745e-05,0.214
CSASRHSNQGARNGYTF,0.0002847540939119,1.26186e-05,0.038
CASSATTGTVEKLFF,5.6950918782413e-05,3.78558e-05,0.105
CASSLTGINHIDTQYF,5.6950918782413e-05,1.26186e-05,0.716
CASSIVSGGYEAFF,8.5426328173603e-05,7.57117e-05,0.248
CASSLGLAPSTDTQYF,0.000170853056347338,5.04745e-05,0.153
CASSTGTGGEQYF,5.6950918782413e-05,7.57117e-05,0.138
CASSYPGGWNGYTF,0.000170853056347338,2.52372e-05,0.024
CASSEAATLRRGELFF,5.6950918782413e-05,5.04745e-05,0.365
CASSLGQAGYEQYF,2.847540939119e-05,2.52372e-05,0.203
CASTPWGSGDTEAFF,8.5426328173603e-05,2.52372e-05,0.235
CATKEAFNTGELFF,2.847540939119e-05,3.78558e-05,0.162
CASSPGTSGNTIYF,2.847540939119e-05,7.57117e-05,0.282
CASRDRYNSPLHF,2.847540939119e-05,1.26186e-05,0.388
CASSLTGGGYEQYF,2.847540939119e-05,5.04745e-05,0.447
CAWSVQGASEAFF,0.000227803075129454,2.52372e-05,0.535
CASSPSEVKNIQYF,0.000113902037564892,0.000138805,0.17
CASSYNRHNEQFF,5.6950918782413e-05,1.26186e-05,0.743
CASSLSGQGPRTEAFF,5.6950918782413e-05,0.000189279,0.145
CASSRRSSGAANEQFF,2.847540939119e-05,1.26186e-05,0.126
CAWSVMGATEAFF,2.847540939119e-05,0.000391177,0.391
CASSMGTDTQYF,2.847540939119e-05,1.26186e-05,0.183
CASRYYPSTGSTGELFF,5.6950918782413e-05,2.52372e-05,0.876
CSVRGQFDEQFF,0.000113902037564892,1.26186e-05,0.00109999999999999
CASSFPPSGASRDEQYF,5.6950918782413e-05,8.83303e-05,0.294
CASSLLTSGGDEQFF,8.5426328173603e-05,1.26186e-05,0.024
CSAISTSNNEQFF,0.00014237704695595,2.52372e-05,0.042
CASSQDLGVAQPQHF,5.6950918782413e-05,1.26186e-05,0.867
CSASGEPKPYEQYF,2.847540939119e-05,2.52372e-05,0.099
CASSLDSNQPQHF,0.000113902037564892,3.78558e-05,0.141
CASSRQGLGNTIYF,2.847540939119e-05,0.00027761,0.183
CASSVESSRNNEQFF,2.847540939119e-05,0.000100949,0.192
CASSSEGSYNSPLHF,2.847540939119e-05,1.26186e-05,0.881
CATSRGWTGYPYEQYF,5.6950918782413e-05,6.30931e-05,0.392
CASSGTGNTNEKLFF,0.000227803075129454,2.52372e-05,0.426
CASSLEAGVVTEAFF,2.847540939119e-05,5.04745e-05,0.289
CAISDLPSGGGAFF,0.000113902037564892,5.04745e-05,0.253
CSARSAAVWLDEQFF,2.847540939119e-05,0.000214516,0.164
CASSQDRTASYEQYF,0.00014237704695595,1.26186e-05,0.107
CASRGQYTGELFF,2.847540939119e-05,1.26186e-05,0.792
CATSDLGQGDGYTF,5.6950918782413e-05,2.52372e-05,0.668
CASTPNGRGDSPLHF,0.000113902037564892,0.000113568,0.574
CASRLSGVKGGYRYNEQFF,0.000113902037564892,2.52372e-05,0.403
CASSEGDRYSPLHF,8.5426328173603e-05,5.04745e-05,0.143
CASSLGGLYNEQFF,8.5426328173603e-05,2.52372e-05,0.241
CAWRGAGTGQPQHF,2.847540939119e-05,1.26186e-05,0.198
CAWSWGSTDTQYF,2.847540939119e-05,0.000100949,0.029
CASSQDAGELFF,2.847540939119e-05,1.26186e-05,0.504
CASSVGGLAGGADTQYF,5.6950918782413e-05,2.52372e-05,0.1
CASSVDTSSYNEQFF,2.847540939119e-05,1.26186e-05,0.0620000000000001
CASSLDFRGVHSYEQYF,2.847540939119e-05,5.04745e-05,0.703
CASSQEGPGEQYF,2.847540939119e-05,5.04745e-05,0.297
CASSLGETQYF,5.6950918782413e-05,1.26186e-05,0.0679999999999999
CASSILTGELFF,8.5426328173603e-05,0.000113568,0.0659999999999999
CAYSRVGGYTF,2.847540939119e-05,3.78558e-05,0.096
CASSLDFRGRWSSYNEQFF,2.847540939119e-05,3.78558e-05,0.642
CASSAEGQGIRYGYTF,5.6950918782413e-05,2.52372e-05,0.089
CASRVRGGMNTEAFF,0.000170853056347338,2.52372e-05,0.242
CASSYWRDRGQSHNSPLHF,2.847540939119e-05,0.000164042,0.36
CASSQASGGDHYGYTF,2.847540939119e-05,7.57117e-05,0.102
CASSSAGLDSADTQYF,8.5426328173603e-05,1.26186e-05,0.415
CASSPYHGGNTGELFF,2.847540939119e-05,2.52372e-05,0.215
CATSDLRVAEQYF,2.847540939119e-05,0.000201898,0.281
CSARDFDRGRIGYTF,2.847540939119e-05,0.000201898,0.478
CASSQLGTLGNTIYF,2.847540939119e-05,2.52372e-05,0.114
CSVQQGVREAFF,5.6950918782413e-05,1.26186e-05,0.379
CSARDEGEEQYF,5.6950918782413e-05,0.000126186,0.039
CASSGIGGTDTQYF,0.000113902037564892,2.52372e-05,0.391
CASRGITDNYGYTF,0.000113902037564892,2.52372e-05,0.698
CASSSGLHRSSYNEQFF,2.847540939119e-05,6.30931e-05,0.379
CATSGLAGSDTQYF,5.6950918782413e-05,7.57117e-05,0.074
CASSYKETQYF,2.847540939119e-05,0.00027761,0.104
CAAVRERGETQYF,2.847540939119e-05,0.000189279,0.05
CASSRQGQYNEQFF,2.847540939119e-05,0.000100949,0.171
CASSLKETQYF,2.847540939119e-05,1.26186e-05,0.177
CSARDGTANTEAFF,2.847540939119e-05,1.26186e-05,0.04
CASSQEWSSGGFDIQYF,2.847540939119e-05,1.26186e-05,0.595
CASSKYIMTASNQPQHF,0.000113902037564892,1.26186e-05,0.082
CSASDTTNTGELFF,2.847540939119e-05,2.52372e-05,0.436
CASGLSYFSAESGNTIYF,0.00014237704695595,2.52372e-05,0.405
CSVPTRTGTPLSYEQYF,2.847540939119e-05,5.04745e-05,0.023
CASHVGGQETQYF,0.000170853056347338,3.78558e-05,0.04
CSGQGPEQFF,2.847540939119e-05,0.000264991,0.048
CASSPYGGANTIYF,5.6950918782413e-05,1.26186e-05,0.4
CASSFLQGTDTQYF,8.5426328173603e-05,2.52372e-05,0.223
CSVYNTTYEQYF,2.847540939119e-05,3.78558e-05,0.0639999999999999
CASTKSRGTYNEQFF,2.847540939119e-05,1.26186e-05,0.289
CSASGSVSYEQYF,2.847540939119e-05,0.000164042,0.0106000000000001
CASSYATGGMKEQFF,5.6950918782413e-05,6.30931e-05,0.032
CASSKAGGGLNTEAFF,2.847540939119e-05,0.000201898,0.47
CSATTPTDTQYF,2.847540939119e-05,0.000201898,0.0610000000000001
CATIRDDYNEQFF,8.5426328173603e-05,0.000100949,0.191
CASSPGVRENTEAFF,2.847540939119e-05,0.000113568,0.123
CASSVDGQGMNEQYF,5.6950918782413e-05,3.78558e-05,0.288
CASSLIAYGYTF,5.6950918782413e-05,3.78558e-05,0.16
CASSRTGSGNTEAFF,2.847540939119e-05,2.52372e-05,0.417
CASSLFSGINTGELFF,5.6950918782413e-05,1.26186e-05,0.043
CASSDPPF,0.000170853056347338,1.26186e-05,0.116
CASSDYRVLSGNTIYF,5.6950918782413e-05,3.78558e-05,0.11
CASSQGFTEAFF,5.6950918782413e-05,3.78558e-05,0.328
CASSKTGNQDNSPLHF,5.6950918782413e-05,3.78558e-05,0.545
CASSLFWRKIAITISGANVLTF,5.6950918782413e-05,0.000100949,0.202
CASSYPAWSGYNEQFF,8.5426328173603e-05,5.04745e-05,0.313
CASSLGHLSYEQYF,0.00014237704695595,1.26186e-05,0.22
CASSPSDSFYEQYF,8.5426328173603e-05,2.52372e-05,0.0570000000000001
CASMRGGTTDTQYF,2.847540939119e-05,3.78558e-05,0.794
CASSIGWGRNQPQHF,0.000113902037564892,6.30931e-05,0.657
CASIRGVRANYGYTF,0.00014237704695595,7.57117e-05,0.563
CASSLAGGLQPYNEQFF,2.847540939119e-05,0.000189279,0.465
CASSSTLEQFF,5.6950918782413e-05,2.52372e-05,0.149
CASSTGQFYEQYF,0.000113902037564892,1.26186e-05,0.143
CASSLGGPLHF,5.6950918782413e-05,2.52372e-05,0.117
CAWARGWGLSETQYF,8.5426328173603e-05,1.26186e-05,0.33
CASSYGRADGYTF,2.847540939119e-05,2.52372e-05,0.405
CAWSVLGTGSRTDTQYF,0.000113902037564892,2.52372e-05,0.367
CASSKQGGSTDSYNEQFF,2.847540939119e-05,8.83303e-05,0.282
CSVDPQGGGGEAFF,8.5426328173603e-05,2.52372e-05,0.028
CASSLGQGPYNEQFF,5.6950918782413e-05,1.26186e-05,0.1
CASSTSWTVYNQPQHF,5.6950918782413e-05,1.26186e-05,0.347
CASSQAAEQYF,2.847540939119e-05,3.78558e-05,0.078
CASSNSEKLFF,8.5426328173603e-05,2.52372e-05,0.025
CASSPTRQGVKGNTIYF,8.5426328173603e-05,2.52372e-05,0.653
CSARGYGNTIYF,2.847540939119e-05,3.78558e-05,0.00260000000000005
CASSSTPGGGLYNEQFF,0.000227803075129454,1.26186e-05,0.026
CASSVGDSGWAQYF,2.847540939119e-05,1.26186e-05,0.18
CASSVAGGIGEAFF,2.847540939119e-05,1.26186e-05,0.135
CASSPMRETGNYGYTF,2.847540939119e-05,1.26186e-05,0.186
CASSTSRAHYEQYF,5.6950918782413e-05,5.04745e-05,0.546
CSANRERTMETQYF,0.000113902037564892,1.26186e-05,0.0113
CASSSRRWGRGPDTQYF,2.847540939119e-05,5.04745e-05,0.504
CATSRTGSANYGYTF,8.5426328173603e-05,1.26186e-05,0.0570000000000001
CSARDLGKHNEQFF,2.847540939119e-05,2.52372e-05,0.0162
CASSGPGYEQYF,2.847540939119e-05,2.52372e-05,0.148
CASSENAARGNTIYF,2.847540939119e-05,2.52372e-05,0.39
CASSLAAGGSYGYTF,0.000170853056347338,1.26186e-05,0.096
CASRTGGYGYTF,0.000113902037564892,2.52372e-05,0.188
CASSQGGEPQHF,5.6950918782413e-05,1.26186e-05,0.223
CSATEGTSGGEQYF,5.6950918782413e-05,1.26186e-05,0.318
CASSDGLFLGDEQFF,2.847540939119e-05,6.30931e-05,0.938
CATSDFAGRGSETQYF,2.847540939119e-05,1.26186e-05,0.432
CASSTYSSNQPQHF,2.847540939119e-05,1.26186e-05,0.0629999999999999
CAWSHTGQGSGANVLTF,2.847540939119e-05,1.26186e-05,0.601
CASSQVASGGTNTGELFF,5.6950918782413e-05,2.52372e-05,0.3
CASSLPPRADTQYF,2.847540939119e-05,1.26186e-05,0.487
CASSLQGNQPQHF,2.847540939119e-05,1.26186e-05,0.207
CASSLGHDSYEQYF,2.847540939119e-05,1.26186e-05,0.508
CASSLEGSGELFF,2.847540939119e-05,1.26186e-05,0.131
CASSYGAGEMNEQYF,2.847540939119e-05,1.26186e-05,0.615
CASSELWIGYWDTQYF,2.847540939119e-05,1.26186e-05,0.426
CASSEAEGSGGQPQHF,0.000113902037564892,1.26186e-05,0.595
CASSVETGPYEQYF,5.6950918782413e-05,2.52372e-05,0.168
CASSDPDSNQPQHF,0.000199328065738396,1.26186e-05,0.895
CATSDRDRGPGLRDWTYEQYF,0.00014237704695595,2.52372e-05,0.845
CATSRRDRGSNGYTF,8.5426328173603e-05,3.78558e-05,0.218
CASSFRTSGTGELFF,5.6950918782413e-05,1.26186e-05,0.438
CASSDALQARNEKLFF,5.6950918782413e-05,1.26186e-05,0.528
CASSVGGGDTQYF,5.6950918782413e-05,1.26186e-05,0.207
CASSLWTAKLYEQYF,5.6950918782413e-05,1.26186e-05,0.306
CASSLTVNTEAFF,5.6950918782413e-05,1.26186e-05,0.079
CASVGHSNTGELFF,8.5426328173603e-05,2.52372e-05,0.299
CASSLAANNEQFF,8.5426328173603e-05,2.52372e-05,0.468
CASGLVLWMGITF,2.847540939119e-05,3.78558e-05,0.502
CAWKKALNTEAFF,2.847540939119e-05,1.26186e-05,0.048
CASSRAQGGYEQYF,2.847540939119e-05,0.000164042,0.00209999999999999
CSVEASVGEQYF,2.847540939119e-05,7.57117e-05,0.045
CASSYDPRSWGGGQETQYF,5.6950918782413e-05,8.83303e-05,0.467
CSARDRVGNTIYF,8.5426328173603e-05,1.26186e-05,0.00170000000000003
CATSGERDSPTDTQYF,8.5426328173603e-05,1.26186e-05,0.317
CASSLWAGTDTQYF,8.5426328173603e-05,1.26186e-05,0.395
CSAPDSSSGNTIYF,8.5426328173603e-05,1.26186e-05,0.081
CASSQVDQGGHHSPLHF,8.5426328173603e-05,1.26186e-05,0.213
CASSLTNEQFF,8.5426328173603e-05,1.26186e-05,0.034
CASTQGYEQYF,8.5426328173603e-05,1.26186e-05,0.036
CASSLTGYSNQPQHF,2.847540939119e-05,2.52372e-05,0.275
CASSAPTRTSNQPQHF,0.000170853056347338,1.26186e-05,0.511
CASSYQGPQKGQPQHF,0.000170853056347338,1.26186e-05,0.105
CASSLPLGQGDTQYF,0.000113902037564892,2.52372e-05,0.054
CASSPQTGIVAEAFF,5.6950918782413e-05,1.26186e-05,0.397
CSARNIYEQYF,2.847540939119e-05,6.30931e-05,0.028
CASSSGQVAPGELFF,2.847540939119e-05,6.30931e-05,0
CASSYKYPPRGNEQFF,2.847540939119e-05,0.000100949,0.143
CASSVKGTPVDSPLHF,2.847540939119e-05,1.26186e-05,0.144
CASSESLPGDYNEQFF,2.847540939119e-05,1.26186e-05,0.424
CASSPDTYYGYTF,2.847540939119e-05,1.26186e-05,0.076
CASIDEPGTRTTDTQYF,2.847540939119e-05,1.26186e-05,0.367
CASSVATPYNEQFF,2.847540939119e-05,1.26186e-05,0.52
CASSLEVARRRSSGNTIYF,2.847540939119e-05,1.26186e-05,0.022
CASSIGNYGYTF,2.847540939119e-05,1.26186e-05,0.00649999999999995
CASSLGLALETQYF,2.847540939119e-05,1.26186e-05,0.314
CASSIADRSRGYTF,2.847540939119e-05,1.26186e-05,0.118
CASSPWGQGGNGELFF,2.847540939119e-05,1.26186e-05,0.133
CASSLDRGTEAFF,0.000113902037564892,1.26186e-05,0.379
CAIQEADTQYF,0.000113902037564892,1.26186e-05,0.00929999999999997
CASSPTMDRGRTEAFF,0.000113902037564892,1.26186e-05,0.138
CASSPSTGTGGLGTEAFF,0.000113902037564892,1.26186e-05,0.033
CASSVVWEENGYTF,0.000113902037564892,1.26186e-05,0.101
CASSPGGALVTYEQYF,5.6950918782413e-05,2.52372e-05,0.028
CASSLDQLSSYEQYF,2.847540939119e-05,0.000138805,0.148
CASSLSYSSGYTF,8.5426328173603e-05,3.78558e-05,0.464
CSASRQGNGYTF,2.847540939119e-05,5.04745e-05,0.043
CASRDSFSPPYEQYF,2.847540939119e-05,5.04745e-05,0.747
CSARPNKGPNYGYTF,2.847540939119e-05,2.52372e-05,0.0185999999999999
CASSANIRDSSGVRQPQHF,5.6950918782413e-05,1.26186e-05,0.046
CASSQPQQTSGLNNEQFF,5.6950918782413e-05,1.26186e-05,0.274
CASSPTSGSSAPEAFF,5.6950918782413e-05,1.26186e-05,0.421
CASSLGQTTGELFF,5.6950918782413e-05,1.26186e-05,0.115
CASQLSTGVNQPQHF,5.6950918782413e-05,1.26186e-05,0.241
CSATGQLHTDTQYF,5.6950918782413e-05,1.26186e-05,0.0639999999999999
CASSPGTYYGYTF,5.6950918782413e-05,1.26186e-05,0.379
CASSVGAGGGETQYF,5.6950918782413e-05,1.26186e-05,0.222
CASSQEIHRKHGYTF,8.5426328173603e-05,2.52372e-05,0.138
CSAPGTVQETQYF,2.847540939119e-05,3.78558e-05,0.00629999999999997
CASSQFSGGSLNTEAFF,2.847540939119e-05,3.78558e-05,0.289
CASSIAGTGGRREQYF,2.847540939119e-05,1.26186e-05,0.0231
CSARDRGLGNTIYF,2.847540939119e-05,1.26186e-05,0.00170000000000003
CASSSQGLNEKLFF,2.847540939119e-05,1.26186e-05,0.084
CASSDQANQYF,2.847540939119e-05,1.26186e-05,0.0610000000000001
CASSLGRSEAFF,5.6950918782413e-05,2.52372e-05,0.102
CASSLDPYANEKLFF,8.5426328173603e-05,6.30931e-05,0.281
CASSLGLIRDRWGYTF,8.5426328173603e-05,1.26186e-05,0.359
CASRAGTANNQPQHF,8.5426328173603e-05,1.26186e-05,0.101
CASSKHPGQGYTF,8.5426328173603e-05,1.26186e-05,0.364
CASSLVLNTEAFF,8.5426328173603e-05,1.26186e-05,0.329
CASTRRILAGGTEAFF,8.5426328173603e-05,1.26186e-05,0.512
CASSYRDRERTDTQYF,8.5426328173603e-05,1.26186e-05,0.134
CAWSVGVNQPQHF,2.847540939119e-05,2.52372e-05,0.105
CAWKGQGNQPQHF,2.847540939119e-05,2.52372e-05,0.467
CASSLTKGSVHEQYF,2.847540939119e-05,2.52372e-05,0.107
CASSLGLYTEAFF,2.847540939119e-05,2.52372e-05,0.086
CASSQDRTGNQPQHF,5.6950918782413e-05,3.78558e-05,0.341
CAISESRQGGGYTF,5.6950918782413e-05,3.78558e-05,0.154
CASSQDYGYTF,5.6950918782413e-05,1.26186e-05,0.069
CASSVDGLRIYF,5.6950918782413e-05,1.26186e-05,0.147
CASSQVLGQNTEAFF,5.6950918782413e-05,1.26186e-05,0.354
CSVRQGPAGYGYTF,2.847540939119e-05,6.30931e-05,0.605
CASTLHF,2.847540939119e-05,6.30931e-05,0.03
CASIPPAERNQPQHF,2.847540939119e-05,6.30931e-05,0.00939999999999996
CSASGNEAFF,2.847540939119e-05,1.26186e-05,0.226
CAISAQGGTDTQYF,2.847540939119e-05,1.26186e-05,0.0264
CSARREFGTSPGGSYNEQFF,2.847540939119e-05,1.26186e-05,0.101
CAWRMQGNYGYTF,2.847540939119e-05,1.26186e-05,0.077
CATTRSGAMNTEAFF,2.847540939119e-05,1.26186e-05,0.146
CASSSTAGSREQFF,2.847540939119e-05,1.26186e-05,0.292
CASSLGTSLKGAFF,2.847540939119e-05,1.26186e-05,0.214
CASSYPDRVLSRNQPQHF,2.847540939119e-05,1.26186e-05,0.202
CASSPDRGQETQYF,2.847540939119e-05,1.26186e-05,0.239
CAWSPGINEQFF,2.847540939119e-05,1.26186e-05,0.0102
CSARTGDGEKLFF,2.847540939119e-05,1.26186e-05,0.308
CASSPSEGAGNTIYF,2.847540939119e-05,1.26186e-05,0.032
CASSQGAGPGNEQFF,2.847540939119e-05,1.26186e-05,0.07
CASSPRDRELEKLFF,2.847540939119e-05,1.26186e-05,0.877
CSAPERRGGYNEQFF,2.847540939119e-05,1.26186e-05,0.658
CASSYVGLPQETQYF,2.847540939119e-05,1.26186e-05,0.645
CAIREGLDNQPQHF,2.847540939119e-05,1.26186e-05,0.17
CAWSSMIGRGYTF,0.000113902037564892,1.26186e-05,0.128
CASSSHRGSYEQYF,5.6950918782413e-05,2.52372e-05,0.345
CASSESWGTGELFF,5.6950918782413e-05,2.52372e-05,0.073
CASVIPNQETQYF,5.6950918782413e-05,2.52372e-05,0.099
CASSLGPDRAGYGYTF,5.6950918782413e-05,2.52372e-05,0.157
CASSSLLVGGELFF,5.6950918782413e-05,2.52372e-05,0.273
CASSRDPEAFF,2.847540939119e-05,5.04745e-05,0.046
CASSPYREINYGYTF,2.847540939119e-05,2.52372e-05,0.193
CASSQTDRDTEAFF,2.847540939119e-05,2.52372e-05,0.323
CASSVVGSAGELFF,5.6950918782413e-05,1.26186e-05,0.0199
CASMSLIGGLNTEAFF,5.6950918782413e-05,1.26186e-05,0.048
CASSQEAAANTEAFF,5.6950918782413e-05,1.26186e-05,0.098
CASSPEGENEQFF,5.6950918782413e-05,1.26186e-05,0.17
CASSMGLNNEQFF,5.6950918782413e-05,1.26186e-05,0.071
CASSYTGSTEAFF,5.6950918782413e-05,1.26186e-05,0.098
CASSGTLSFGAEAFF,5.6950918782413e-05,1.26186e-05,0.0649999999999999
CASSPDTTVSYNEQFF,5.6950918782413e-05,1.26186e-05,0.384
CASSPGGEYGYTF,5.6950918782413e-05,1.26186e-05,0.126
CASSYRPGQGFRAQHF,5.6950918782413e-05,1.26186e-05,0.235
CASSLLPPGLNTEAFF,5.6950918782413e-05,1.26186e-05,0.112
CASSSSGNEQYF,5.6950918782413e-05,1.26186e-05,0.039
CASTRWGDKEETQYF,5.6950918782413e-05,1.26186e-05,0.649
CAWSVQGLGDTQYF,5.6950918782413e-05,1.26186e-05,0.297
CSANGAKNIQYF,5.6950918782413e-05,1.26186e-05,0.00560000000000005
CASSDGPAGVDEAFF,5.6950918782413e-05,1.26186e-05,0.775
CASRSVGQETQYF,5.6950918782413e-05,1.26186e-05,0.425
CASSVGGGQNNEQFF,5.6950918782413e-05,1.26186e-05,0.214
CASSDGTPNAFYEQYF,5.6950918782413e-05,1.26186e-05,0.3
CASSHSTGRAFF,2.847540939119e-05,3.78558e-05,0.2
CASSQDRAVYEQFF,2.847540939119e-05,1.26186e-05,0.051
CASSQDEGPNTEAFF,2.847540939119e-05,1.26186e-05,0.212
CASRTGGIQPQHF,5.6950918782413e-05,5.04745e-05,0.137
CAWRRADRDNSPLHF,5.6950918782413e-05,5.04745e-05,0.163
CASSQDRRQGREKLFF,5.6950918782413e-05,5.04745e-05,0.18
CASSQEGYNEQFF,2.847540939119e-05,7.57117e-05,0.17
CASRPQRGLDNSPLHF,8.5426328173603e-05,1.26186e-05,0.044
CASRTSGGSGANVLTF,8.5426328173603e-05,1.26186e-05,0.3
CASRFSGANVLTF,8.5426328173603e-05,1.26186e-05,0.861
CSARTGSKNIQYF,8.5426328173603e-05,1.26186e-05,0.09
CAWNQGGIGYTF,8.5426328173603e-05,1.26186e-05,0.00890000000000002
CASNSDRVVQPQHF,2.847540939119e-05,2.52372e-05,0.101
CASSPSYTGELFF,2.847540939119e-05,2.52372e-05,0.265
CASSLGGTANYGYTF,2.847540939119e-05,2.52372e-05,0.204
CASSYRSTGSGDTQYF,2.847540939119e-05,2.52372e-05,0.393
CASSYSRGGYGYTF,2.847540939119e-05,2.52372e-05,0.207
RASSLGLYGYTF,2.847540939119e-05,2.52372e-05,0.069
CSARVGGVNTEAFF,2.847540939119e-05,2.52372e-05,0.051
CASSLDRGVQPQHF,2.847540939119e-05,2.52372e-05,0.242
CASSYSAGSYNEQFF,2.847540939119e-05,2.52372e-05,0.265
CASSSGSYEQYF,2.847540939119e-05,2.52372e-05,0.259
CAWARTGLNTEAFF,2.847540939119e-05,2.52372e-05,0.253
CASSQDNSVNYGYTF,5.6950918782413e-05,3.78558e-05,0.097
CASRLAGGSYEQYF,2.847540939119e-05,6.30931e-05,0.608
CASSQDLGVGYTF,2.847540939119e-05,1.26186e-05,0.181
CASSQDDGGLTGYTF,2.847540939119e-05,1.26186e-05,0.32
CASSKPTGGDGYTF,2.847540939119e-05,1.26186e-05,0.379
CASSLGTGELFF,2.847540939119e-05,1.26186e-05,0.323
CASTGSFGGYTF,2.847540939119e-05,1.26186e-05,0.23
CAWSGSLNYGYTF,2.847540939119e-05,1.26186e-05,0.351
CASSWWRTGGSTEAFF,2.847540939119e-05,1.26186e-05,0.128
CASSLGGGPGDEQYF,2.847540939119e-05,1.26186e-05,0.383
CASSPNTGELFF,2.847540939119e-05,1.26186e-05,0.647
CASSSGTSGSAGTDTQYF,2.847540939119e-05,1.26186e-05,0.042
CASSLGQHLAKNIQYF,2.847540939119e-05,1.26186e-05,0.294
CASREDSFFRGQPQHF,2.847540939119e-05,1.26186e-05,0.0171
CASSTDGTGWYEQFF,2.847540939119e-05,1.26186e-05,0.114
CKPDPEAFF,2.847540939119e-05,1.26186e-05,0.026
CASSFTGVGYGYTF,2.847540939119e-05,1.26186e-05,0.093
CAWRLTFDSPLHF,2.847540939119e-05,1.26186e-05,0.047
CASSYSGGSYEQYF,2.847540939119e-05,1.26186e-05,0.249
CSARGGSVVEAFF,2.847540939119e-05,1.26186e-05,0.074
CSARVPAASGRAGKNIQYF,2.847540939119e-05,1.26186e-05,0.022
CASSTLGQHSNQPQHF,2.847540939119e-05,1.26186e-05,0.048
CASSFRDRYTDTQYF,2.847540939119e-05,1.26186e-05,0.584
CASSYSSGGRRGGEQFF,2.847540939119e-05,1.26186e-05,0.452
CASSIAQGTTYNEQFF,2.847540939119e-05,1.26186e-05,0.104
CASSLGRRTEAFF,2.847540939119e-05,1.26186e-05,0.34
CAWSVGQGSEAFF,2.847540939119e-05,1.26186e-05,0.048
CASSTGEVAPGEQYF,2.847540939119e-05,1.26186e-05,0.0071
CASSSYSGGSLGNEQFF,2.847540939119e-05,1.26186e-05,0.134
CASSVPTGAGGYTF,2.847540939119e-05,1.26186e-05,0.145
CASSSIGSNQPQHF,2.847540939119e-05,1.26186e-05,0.155
CASSLQDHRTSSSYEQYF,2.847540939119e-05,1.26186e-05,0.916
CASSLGGAFEQFF,2.847540939119e-05,1.26186e-05,0.259
CATMGGASYEQYF,2.847540939119e-05,1.26186e-05,0.124
CASSLGRSGQETQYF,2.847540939119e-05,1.26186e-05,0.452
CASSFQSGYTF,5.6950918782413e-05,2.52372e-05,0.105
CASSEGPGLGGYTF,5.6950918782413e-05,2.52372e-05,0.54
CASSLGQGNTEAFF,2.847540939119e-05,5.04745e-05,0.608
CSVKGLDEQFF,2.847540939119e-05,5.04745e-05,0.045
CASSRGARHEKLFF,2.847540939119e-05,5.04745e-05,0.593
CASSFGPGLSSRGAVF,2.847540939119e-05,5.04745e-05,0.587
CASSEGAGSPLHF,2.847540939119e-05,5.04745e-05,0.036
CASSLAAFPDRGRNTIYF,5.6950918782413e-05,1.26186e-05,0.289
CATSGSNQPQHF,5.6950918782413e-05,1.26186e-05,0.133
CSASIQGSYGYTF,5.6950918782413e-05,1.26186e-05,0.0182
CAIMGGQASYEQYF,5.6950918782413e-05,1.26186e-05,0.351
CASPYPAGRTLTPSGYTF,5.6950918782413e-05,1.26186e-05,0.282
CAISRRLPNEQFF,5.6950918782413e-05,1.26186e-05,0.102
CASSLISPGNTIYF,5.6950918782413e-05,1.26186e-05,0.248
CASSLGNSPLHF,5.6950918782413e-05,1.26186e-05,0.448
CASSVTNLISYEQYF,5.6950918782413e-05,1.26186e-05,0.428
CSARKAGGRLDTQYF,5.6950918782413e-05,1.26186e-05,0.227
CASSHRQNTEAFF,5.6950918782413e-05,1.26186e-05,0.021
CASSERGAEKLFF,5.6950918782413e-05,1.26186e-05,0.001
CASREQETDTQYF,5.6950918782413e-05,1.26186e-05,0.248
CASSLTTAGDGYTF,5.6950918782413e-05,1.26186e-05,0.244
CASRRSGTSNYGYTF,5.6950918782413e-05,1.26186e-05,0.74
CASSVTGGEGGELFF,5.6950918782413e-05,1.26186e-05,0.032
CASRLRAHGYTF,5.6950918782413e-05,1.26186e-05,0.186
CASSFYPRWQGGNTIYF,2.847540939119e-05,3.78558e-05,0.464
CASSPTYEQYF,2.847540939119e-05,3.78558e-05,0.071
CASLWGTEAFF,2.847540939119e-05,3.78558e-05,0.158
CASSQDPGRLFNEKLFF,2.847540939119e-05,3.78558e-05,0.032
CSAGSEGYQETQYF,2.847540939119e-05,3.78558e-05,0.125
CASTTTGEEQYF,2.847540939119e-05,3.78558e-05,0.145
CSAPGPRNTEAFF,2.847540939119e-05,3.78558e-05,0.00560000000000005
CASSSGTTYNEQFF,2.847540939119e-05,2.52372e-05,0.33
CATSDGGESGTQYF,2.847540939119e-05,2.52372e-05,0.405
CASSWGALGEEQYF,2.847540939119e-05,2.52372e-05,0.0256999999999999
CSARGPTSGRIETQYF,2.847540939119e-05,2.52372e-05,0.125
CASSFSIEGYTF,2.847540939119e-05,2.52372e-05,0.191
CASSIGDTEWEAEAFF,2.847540939119e-05,2.52372e-05,0.028
CASSVGGGGPGDTQYF,2.847540939119e-05,2.52372e-05,0.682
CASSLGAYEQYF,2.847540939119e-05,2.52372e-05,0.241
CASRRNSGGSLSSYNSPLHF,2.847540939119e-05,2.52372e-05,0.205
CASSLVGVYTF,2.847540939119e-05,2.52372e-05,0.328
CARGSGQSSNYGYTF,2.847540939119e-05,2.52372e-05,0.118
CSAPLGGSNYNEQFF,2.847540939119e-05,2.52372e-05,0.339
CASSQPCWLLGYGYTF,2.847540939119e-05,2.52372e-05,0.075
CASSIWAGGPPDTQYF,2.847540939119e-05,2.52372e-05,0.476
CASSLDPNIQYF,2.847540939119e-05,2.52372e-05,0.654
CAWSVLSQGTQYF,2.847540939119e-05,2.52372e-05,0.0185
CASSFSGAQFYEQYF,2.847540939119e-05,2.52372e-05,0.223
CASSQEAGGNEQFF,2.847540939119e-05,2.52372e-05,0.204
CASSLGLAGGLEQYF,2.847540939119e-05,2.52372e-05,0.389
CASSSGQGSGNEQFF,2.847540939119e-05,1.26186e-05,0.00549999999999995
CASSSRAGTPYNEQFF,2.847540939119e-05,1.26186e-05,0.479
CAWSLPPRGQFF,2.847540939119e-05,1.26186e-05,0.05
CASSLATGSYEQYF,2.847540939119e-05,1.26186e-05,0.089
CASSFRLAGESSYNEQFF,2.847540939119e-05,1.26186e-05,0.279
CASSQSTSGRRYEQYF,2.847540939119e-05,1.26186e-05,0.326
CASSLGTEDEKLFF,2.847540939119e-05,1.26186e-05,0.768
CSVFGGQHSYEQYF,2.847540939119e-05,1.26186e-05,0.85
CASSFVEGSTEAFF,2.847540939119e-05,1.26186e-05,0.392
CASSSSPGLFSNQPQHF,2.847540939119e-05,1.26186e-05,0.806
CASRDAWSGELFF,2.847540939119e-05,1.26186e-05,0.054
CASSYRQGREDGYTF,2.847540939119e-05,1.26186e-05,0.608
CASSLGSTGTNEQFF,2.847540939119e-05,1.26186e-05,0.186
CATGLAGNYEQYF,2.847540939119e-05,1.26186e-05,0.395
CASSPGQGLLVGSPLHF,2.847540939119e-05,1.26186e-05,0.349
CAWRLQGAIEAFF,2.847540939119e-05,1.26186e-05,0.054
CASRPRDFSRTDTQYF,2.847540939119e-05,1.26186e-05,0.029
CASSRRQGGSGELFF,2.847540939119e-05,1.26186e-05,0.207
CSATGGFQPQHF,2.847540939119e-05,1.26186e-05,0.102
CASSDMMGGLQPQHF,2.847540939119e-05,1.26186e-05,0.889
CASSLIGDTSYGYTF,2.847540939119e-05,1.26186e-05,0.355
CAWTKPINFGQGSNSPLHF,2.847540939119e-05,1.26186e-05,0.159
CASSFGGTGAEAFF,2.847540939119e-05,1.26186e-05,0.226
CASRPPGQGLDGYTF,2.847540939119e-05,1.26186e-05,0.881
CSARDPVRTDYGYTF,2.847540939119e-05,1.26186e-05,0.053
CSVRPGGTEAFF,2.847540939119e-05,1.26186e-05,0.107
CAISEIPIHRLYQPYNEQFF,2.847540939119e-05,1.26186e-05,0.359
CSASLTVNTEAFF,2.847540939119e-05,1.26186e-05,0.077
CSARVIGPNEQYF,2.847540939119e-05,1.26186e-05,0.176
CASSVGDYGYTF,2.847540939119e-05,1.26186e-05,0.079
CASSQTETQYF,2.847540939119e-05,1.26186e-05,0.159
CASSGDTSTNEKLFF,2.847540939119e-05,1.26186e-05,0.123
CASSTGQGSEQYF,2.847540939119e-05,1.26186e-05,0.634
CASSQGAGDEQFF,2.847540939119e-05,1.26186e-05,0.266
CASSQEGAGELFF,2.847540939119e-05,1.26186e-05,0.232
CASSSTGGVGTGELFF,2.847540939119e-05,1.26186e-05,0.042
CASRASRDRGRRSNQPQHF,2.847540939119e-05,1.26186e-05,0.908
CSARGLEDRGFYGYTF,2.847540939119e-05,1.26186e-05,0.0183
CASSLRNTEAFF,2.847540939119e-05,1.26186e-05,0.54
CSASGRAVGGETQYF,2.847540939119e-05,1.26186e-05,0.077
CASSLDPGKAFF,2.847540939119e-05,1.26186e-05,0.154
CASSLETGTGYEQYF,2.847540939119e-05,1.26186e-05,0.076
CASSLGAQGSGYTF,2.847540939119e-05,1.26186e-05,0.12
CASSYSKGSYEQYF,2.847540939119e-05,1.26186e-05,0.115
CASSIDLSRQGSEQYF,2.847540939119e-05,1.26186e-05,0.143
CASSIRGGYEQYF,2.847540939119e-05,1.26186e-05,0.0191
CSAVPVDYGYTF,2.847540939119e-05,1.26186e-05,0.034
CASRDPHLTGNYGYTF,2.847540939119e-05,1.26186e-05,0.279
CASSREGTGAWNEQFF,2.847540939119e-05,1.26186e-05,0.204
CASSLTGVGNTIYF,2.847540939119e-05,1.26186e-05,0.069
CATSRGREGSTEAFF,2.847540939119e-05,1.26186e-05,0.739
CASSTRDRASDSGNTIYF,2.847540939119e-05,1.26186e-05,0.339
CASSLGQGREKLFF,2.847540939119e-05,1.26186e-05,0.581
CSARDPNLNEKLFF,2.847540939119e-05,1.26186e-05,0.107
CAWSRREGDTQYF,2.847540939119e-05,1.26186e-05,0.486
CASSGTGGNQPQHF,2.847540939119e-05,1.26186e-05,0.106
CASSIGGTGQRRLEQYF,2.847540939119e-05,1.26186e-05,0.835
CSASARGMGGRDNEQFF,2.847540939119e-05,1.26186e-05,0.075
CASSIQTGTMGNTIYF,2.847540939119e-05,1.26186e-05,0.243
CASRDWDTGTDTQYF,2.847540939119e-05,1.26186e-05,0.297
CASIPGTSGGNTQYF,2.847540939119e-05,1.26186e-05,0.43
CASSYWRANTGELFF,2.847540939119e-05,1.26186e-05,0.204
CASSQAGNTIYF,2.847540939119e-05,1.26186e-05,0.194
CSALNGGPREKLFF,2.847540939119e-05,1.26186e-05,0.098
CASSDQVGPYEQYF,2.847540939119e-05,1.26186e-05,0.15
CAWNSARGAEAFF,2.847540939119e-05,1.26186e-05,0.029
CASSPWAAANTGELFF,2.847540939119e-05,1.26186e-05,0.049
CSASDPREPPGGHLNYGYTF,2.847540939119e-05,1.26186e-05,0.341
CSAPGQGARAGELFF,2.847540939119e-05,1.26186e-05,0.268
CASSQDGYGYTF,2.847540939119e-05,1.26186e-05,0.055
CASSTSTDTQYF,2.847540939119e-05,1.26186e-05,0.043
CASTPLGGAGTEAFF,2.847540939119e-05,1.26186e-05,0.00570000000000004
CSARAQMNTEAFF,2.847540939119e-05,1.26186e-05,0.023
CSAPKGTGDEQYF,2.847540939119e-05,1.26186e-05,0.562
CASSVESGEQYF,2.847540939119e-05,1.26186e-05,0.032
CSAKIPGTKGGNEQFF,2.847540939119e-05,1.26186e-05,0.0649999999999999
CASSLVGLSEAFF,2.847540939119e-05,1.26186e-05,0.295
CASTTGAYGYTF,2.847540939119e-05,1.26186e-05,0.0153
CAWIKEGRWRNGYTF,2.847540939119e-05,1.26186e-05,0.082
CASSLGGGYGYTF,2.847540939119e-05,1.26186e-05,0.185
CASSLGSTIYF,2.847540939119e-05,1.26186e-05,0.191
CASNPPGQGINEQYF,2.847540939119e-05,1.26186e-05,0.026
CASSFGHSSGNTIYF,2.847540939119e-05,1.26186e-05,0.668
CSARDGGGIQPQHF,2.847540939119e-05,1.26186e-05,0.542
CASSSWRGARVNSPLHF,2.847540939119e-05,1.26186e-05,0.128
CASSVGLAGVETQYF,2.847540939119e-05,1.26186e-05,0.611
CASSYVLGGASSYNEQFF,2.847540939119e-05,1.26186e-05,0.328
CASSFAKDRYYEQYF,2.847540939119e-05,1.26186e-05,0.054
CASSVGPGSSYEQYF,2.847540939119e-05,1.26186e-05,0.087
CASSVFPGQGARGNTIYF,2.847540939119e-05,1.26186e-05,0.366
CASSPPRGGAGELFF,2.847540939119e-05,1.26186e-05,0.285
CASSLGNYGYTF,2.847540939119e-05,1.26186e-05,0.105
CASSYGDNEQFF,2.847540939119e-05,1.26186e-05,0.149
CASSLSSPGTQYF,2.847540939119e-05,1.26186e-05,0.1
CASSFEGARDTQYF,2.847540939119e-05,1.26186e-05,0.443
CATRTTQGTDTQYF,2.847540939119e-05,1.26186e-05,0.464
CASSPVAGGYEQFF,2.847540939119e-05,1.26186e-05,0.19
CAIGGDRDSGHSNGYTF,2.847540939119e-05,1.26186e-05,0.0570000000000001
